kod;nazov;logo_subor
ADAMA-VALLU;Jaskyniarska skupina Adama Vallu;jaskyniarska_skupina_adama_vallu.png
ADONIS-TEN;Moldavský jaskyniarsky klub Adonis Ten;moldavsky_jaskyniarsky_klub_adonis_ten.png
ARAGONIT;Jaskyniarska skupina Aragonit;jaskyniarska_skupina_aragonit.png
ARACHNOS;Jaskyniarska skupina Arachnos – Slovenský kras;jaskyniarska_skupina_arachnos_slovensky_kras.png
BADIZER-ARDOVO;Speleoklub Badizer Ardovo;
BANSKA-BYSTRICA;Speleoklub Banská Bystrica;speleoklub_banska_bystrica.png
BRATISLAVA;Speleo Bratislava;speleo_bratislava.png
BREZNO;Speleo Brezno;speleo_brezno.png
CASSOVIA;Speleoklub Cassovia;speleoklub_cassovia.png
CACHTICE;Oblastná skupina Čachtice;oblastna_skupina_cachtice.png
CERVENE-VRCHY;Speleologický klub Červené vrchy Slovakia;speleologicky_klub_cervene_vrchy_slovakia.png
CUC-BRATISLAVA;CUC Bratislava;
DEMANOVSKA-DOLINA;Jaskyniarsky klub Demänovská Dolina;jaskyniarsky_klub_demanovska_dolina.png
DETVA;Speleo-Detva;speleo_detva.png
DRIENKA-KOSICE;Speleoklub Drienka Košice;speleoklub_drienka_kosice.png
DUBNICA-NAD-VAHOM;Jaskyniarsky klub Dubnica nad Váhom;jaskyniarsky_klub_dubnica_nad_vahom.png
DUMBIER;Speleoklub Ďumbier;speleoklub_dumbier.png
MEANDER;MEANDER – Hájsky klub športovej speleológie;meander_hajsky_klub_sportovej_speleologie.png
HANDLOVA;Jaskyniarsky klub Handlová;jaskyniarsky_klub_handlova.png
CHOCSKE-VRCHY;Speleoclub Chočské vrchy;speleoclub_chocske_vrchy.png
INOVEC;Oblastná skupina Inovec;
JANA-MAJKU;Oblastná skupina Jána Majku;oblastna_skupina_jana_majku.png
LIPTOVSKA-TEPLICKA;Oblastná skupina Liptovská Teplička;
LIPTOVSKY-MIKULAS;Oblastná skupina Liptovský Mikuláš;oblastna_skupina_liptovsky_mikulas.png
LIPTOVSKY-TRNOVEC;Jaskyniarsky klub Liptovský Trnovec;jaskyniarsky_klub_liptovsky_trnovec.png
MALA-FATRA;Speleoklub Malá Fatra;
MINOTAURUS;Speleoklub Minotaurus;
MURANSKA-PLANINA;Speleoklub Muránska planina;speleoklub_muranska_planina.png
NICOLAUS;Speleoklub Nicolaus;speleoklub_nicolaus.png
NITRA;Speleoklub Nitra;speleoklub_nitra.png
ORAVA;Oblastná skupina Orava;oblastna_skupina_orava.png
PLAVECKE-PODHRADIE;Jaskyniari Plavecké Podhradie;jaskyniari_plavecke_podhradie.png
PRESOV;Oblastná skupina Prešov;
RIMAVSKA-SOBOTA;Oblastná speleologická skupina Rimavská Sobota;oblastna_speleologicka_skupina_rimavska_sobota.png
ROKOS;Speleoklub Rokoš;
ROZNAVA;Speleo Rožňava;speleo_roznava.png
RUZOMBEROK;Oblastná skupina Ružomberok;oblastna_skupina_ruzomberok.png
SLOVENSKY-RAJ;Speleologický klub Slovenský raj;speleologicky_klub_slovensky_raj.png
SPELEOPOTAPANIA;Sekcia speleopotápania;sekcia_speleopotapania.png
SPELEODIVER;Speleodiver;speleodiver.png
SPISSKA-BELA;Jaskyniarska skupina Spišská Belá;jaskyniarska_skupina_spisska_bela.png
STRAZOVSKE-VRCHY;Jaskyniarsky klub Strážovské vrchy;jaskyniarsky_klub_strazovske_vrchy.png
SARIS;Speleoklub Šariš;speleoklub_saris.png
TISOVEC;Speleoklub Tisovec;speleoklub_tisovec.png
TRENCIN;Trenčiansky speleoklub;
TRIBEC;Speleoklub Tribeč;speleoklub_tribec.png
TRNAVA;Speleoklub Trnava;speleoklub_trnava.png
TURIEC;Jaskyniarsky klub Speleo Turiec;jaskyniarsky_klub_speleo_turiec.png
UHROVEC;Oblastná skupina Uhrovec;
UPJS-KOSICE;Speleoklub Univerzity P. J. Šafárika, Košice;
VARIN;Jaskyniarsky klub Varín;jaskyniarsky_klub_varin.png
VELKA-FATRA;Oblastná skupina Veľká Fatra;oblastna_skupina_velka_fatra.png
ZILINA;Žilinský jaskyniarsky klub;
